step,amount,oldbalanceOrg,newbalanceOrig,oldbalanceDest,newbalanceDest,isFlaggedFraud,type_CASH_OUT,type_DEBIT,type_PAYMENT,type_TRANSFER
399,52091.84,0.0,0.0,0.0,0.0,0,False,False,True,False
188,6447.82,9966.0,3518.18,0.0,0.0,0,False,False,True,False
356,72904.06,342862.0,269957.94,0.0,72904.06,0,True,False,False,False
185,15247.81,0.0,0.0,304806.94,320054.75,0,True,False,False,False
331,103662.85,501545.0,397882.15,44329.5,147992.34,0,True,False,False,False
179,188610.94,435232.43,623843.37,415226.4,144721.75,0,False,False,False,False
11,180291.58,3427884.85,3608176.43,852670.27,672378.69,0,False,False,False,False
180,9976.21,23165.0,13188.79,0.0,0.0,0,False,False,True,False
256,1283.72,0.0,0.0,0.0,0.0,0,False,False,True,False
348,7102399.62,9946.0,0.0,572143.23,7674542.84,0,False,False,False,True
185,88922.94,0.0,0.0,402106.1,491029.04,0,True,False,False,False
300,108135.83,0.0,0.0,215301.63,323437.47,0,True,False,False,False
205,292072.66,143452.0,0.0,0.0,292072.66,0,True,False,False,False
158,267.21,0.0,0.0,0.0,0.0,0,False,False,True,False
159,75158.04,23034.0,0.0,68811.87,143969.91,0,True,False,False,False
37,407178.8,0.0,0.0,3421408.54,3865184.59,0,True,False,False,False
350,16902.94,6085.0,0.0,0.0,0.0,0,False,False,True,False
191,2021.06,50969.0,48947.94,0.0,0.0,0,False,False,True,False
141,7854.14,20202.0,12347.86,0.0,0.0,0,False,False,True,False
354,213764.02,6418214.09,6631978.11,1065830.89,852066.87,0,False,False,False,False
42,4410.94,22066.0,17655.06,0.0,0.0,0,False,False,True,False
239,9462.35,61909.0,52446.65,0.0,0.0,0,False,False,True,False
137,21976.48,698.0,0.0,0.0,0.0,0,False,False,True,False
355,320773.02,23529886.46,23850659.49,1901978.39,1581205.37,0,False,False,False,False
166,3029.04,258.0,0.0,0.0,0.0,0,False,False,True,False
119,67284.95,0.0,0.0,2377582.73,2444867.68,0,True,False,False,False
282,113098.94,0.0,0.0,2675258.07,2788357.02,0,True,False,False,False
353,165138.21,4677119.76,4842257.97,246462.08,81323.87,0,False,False,False,False
42,75028.42,519.0,0.0,3885702.71,3960731.13,0,True,False,False,False
236,2617.92,0.0,0.0,0.0,0.0,0,False,False,True,False
205,7113.95,0.0,0.0,0.0,0.0,0,False,False,True,False
35,17881.94,12252746.16,12270628.1,100539.39,82657.45,0,False,False,False,False
38,7364.24,0.0,0.0,34966.64,42330.87,0,True,False,False,False
227,36796.37,7166498.02,7203294.39,693962.58,657166.22,0,False,False,False,False
308,68915.63,0.0,0.0,0.0,0.0,0,False,False,True,False
164,8584.9,1522.0,0.0,0.0,0.0,0,False,False,True,False
681,37331.99,370281.95,407613.94,155267.75,117935.77,0,False,False,False,False
164,173214.49,0.0,0.0,347709.08,520923.57,0,True,False,False,False
187,195506.28,0.0,0.0,1959713.92,2155220.2,0,True,False,False,False
403,212848.66,319627.0,106778.34,143643.87,356492.53,0,True,False,False,False
208,719571.39,19997.0,0.0,0.0,719571.39,0,False,False,False,True
17,36540.25,294920.5,258380.25,0.0,0.0,0,False,False,True,False
284,2307.82,0.0,0.0,5304808.89,5307116.71,0,True,False,False,False
161,30187.07,0.0,0.0,0.0,0.0,0,False,False,True,False
39,47396.8,74100.52,26703.72,0.0,0.0,0,False,False,True,False
378,30295.53,47792.36,17496.82,0.0,0.0,0,False,False,True,False
250,23313.59,0.0,0.0,2181071.97,2204385.56,0,True,False,False,False
308,82565.03,0.0,0.0,1270827.39,1353392.42,0,True,False,False,False
253,304771.31,100069.0,0.0,518052.7,822824.0,0,True,False,False,False
187,79589.28,0.0,0.0,4417490.53,4497079.81,0,True,False,False,False
249,14526.75,0.0,0.0,0.0,0.0,0,False,False,True,False
43,31885.59,20347.0,0.0,0.0,0.0,0,False,False,True,False
346,4503.75,0.0,0.0,542867.45,547371.2,0,False,True,False,False
426,27534.21,257.0,0.0,51265.14,78799.35,0,True,False,False,False
161,116398.92,0.0,0.0,3746512.26,3862911.19,0,True,False,False,False
39,2184.95,133588.59,131403.64,0.0,0.0,0,False,False,True,False
185,270547.38,57639.0,0.0,23099.08,293646.45,0,True,False,False,False
273,4774.38,15886.0,11111.62,0.0,0.0,0,False,False,True,False
36,228163.92,3118279.42,3346443.34,328531.04,100367.12,0,False,False,False,False
347,217924.53,0.0,0.0,1157783.73,1375708.26,0,False,False,False,True
378,11623.66,427035.99,415412.33,0.0,0.0,0,False,False,True,False
163,90090.59,620326.47,710417.06,257448.0,133151.39,0,False,False,False,False
307,294.04,0.0,0.0,0.0,0.0,0,False,False,True,False
302,360394.04,5748507.21,6108901.25,10505802.57,10145408.53,0,False,False,False,False
160,159167.79,13273170.3,13432338.09,601944.68,442776.89,0,False,False,False,False
138,27875.03,2054327.54,2082202.57,5052761.44,5024886.41,0,False,False,False,False
327,320579.94,7269526.23,7590106.17,375794.63,55214.69,0,False,False,False,False
18,23971.68,6348772.93,6372744.61,384664.76,303185.11,0,False,False,False,False
275,126758.4,21499.0,0.0,0.0,126758.4,0,True,False,False,False
403,74049.13,0.0,0.0,1505185.53,1759949.47,0,True,False,False,False
332,442047.41,0.0,0.0,2312196.41,2754243.82,0,False,False,False,True
355,213976.75,0.0,0.0,804014.73,1017991.48,0,False,False,False,True
228,61336.55,111.0,0.0,0.0,0.0,0,False,False,True,False
393,27442.32,510.0,27952.32,11274293.29,11246850.97,0,False,False,False,False
332,4990.6,61209.0,56218.4,0.0,0.0,0,False,False,True,False
253,5692.06,0.0,0.0,0.0,0.0,0,False,False,True,False
154,10858.65,0.0,0.0,5918068.13,5928926.77,0,True,False,False,False
347,150357.36,18.0,0.0,1098528.04,1248885.4,0,True,False,False,False
690,110638.27,7144589.08,7255227.36,279330.76,168692.49,0,False,False,False,False
159,43595.58,6348911.22,6392506.8,1497454.27,1453858.69,0,False,False,False,False
325,211827.48,0.0,0.0,589432.33,801259.81,0,True,False,False,False
185,271971.71,235064.83,507036.55,562223.44,290251.73,0,False,False,False,False
154,163417.54,11495.0,174912.54,50986.68,0.0,0,False,False,False,False
19,10432.46,81740.29,71307.82,0.0,0.0,0,False,False,True,False
15,147416.73,16625.0,0.0,0.0,289262.2,0,True,False,False,False
300,14140.17,41177.0,27036.83,0.0,0.0,0,False,False,True,False
185,127466.55,0.0,0.0,2812698.53,2940165.09,0,False,False,False,True
44,198961.44,38266.0,0.0,388116.8,587078.24,0,True,False,False,False
405,20864.42,105704.0,126568.42,60191.4,39326.99,0,False,False,False,False
303,374211.83,79855.0,0.0,141122.22,515334.05,0,True,False,False,False
235,305645.14,0.0,0.0,1289585.2,1595230.34,0,True,False,False,False
36,25284.9,13028738.09,13054022.99,169849.16,144564.25,0,False,False,False,False
371,49654.32,3470891.73,3520546.05,3196519.05,3146864.73,0,False,False,False,False
186,201435.07,34032.0,0.0,277105.55,478540.62,0,True,False,False,False
11,65802.72,25285.0,0.0,416198.05,482000.77,0,True,False,False,False
48,12738.89,340.0,0.0,0.0,0.0,0,False,False,True,False
377,15771.45,112942.0,97170.55,0.0,0.0,0,False,False,True,False
205,1504.87,12271.78,10766.91,0.0,0.0,0,False,False,True,False
399,110806.85,46318.0,0.0,1207313.09,1318119.95,0,True,False,False,False
156,18861.03,2870.0,0.0,0.0,0.0,0,False,False,True,False
166,285432.68,0.0,0.0,1517705.21,1803137.89,0,True,False,False,False
253,4229611.9,19397.0,0.0,129508.99,4359120.88,0,False,False,False,True
235,183181.21,8140792.08,8323973.29,738837.43,555656.22,0,False,False,False,False
16,174753.22,0.0,0.0,580893.29,982038.85,0,True,False,False,False
335,187778.54,21879.0,209657.54,0.0,0.0,0,False,False,False,False
163,11959.46,20517.0,8557.54,0.0,0.0,0,False,False,True,False
201,189372.28,26911.62,0.0,431782.46,621154.74,0,True,False,False,False
328,183196.84,30656.0,0.0,3410439.75,3593636.59,0,True,False,False,False
234,9024.96,10042.0,1017.04,0.0,0.0,0,False,False,True,False
141,166537.14,0.0,0.0,3820447.47,3986984.61,0,True,False,False,False
393,72909.88,314338.15,387248.03,403638.3,330728.42,0,False,False,False,False
684,836672.54,168082.65,0.0,4467192.32,5303864.86,0,False,False,False,True
520,163965.47,528103.97,692069.44,1479285.01,1315319.53,0,False,False,False,False
275,11274.81,51927.0,40652.19,0.0,0.0,0,False,False,True,False
43,75577.43,537515.34,613092.78,618931.99,543354.56,0,False,False,False,False
596,11445.56,11611.0,165.44,0.0,0.0,0,False,False,True,False
37,37406.52,22969326.48,23006733.0,130149.48,1360200.0,0,False,False,False,False
256,230683.78,17047.0,0.0,0.0,230683.78,0,True,False,False,False
345,116771.7,18860.0,135631.7,0.0,0.0,0,False,False,False,False
251,190808.57,1039.0,0.0,12302342.1,12493150.68,0,True,False,False,False
254,166200.18,0.0,0.0,1392269.63,1558469.81,0,False,False,False,True
157,125159.89,49361.11,0.0,336507.97,461667.86,0,True,False,False,False
187,107651.97,0.0,0.0,5631326.0,5738977.97,0,True,False,False,False
257,111767.43,15034.0,0.0,0.0,0.0,0,False,False,False,True
254,7226.51,214777.0,207550.49,0.0,0.0,0,False,False,True,False
324,165483.61,0.0,0.0,11261363.25,11426846.86,0,True,False,False,False
571,289648.09,0.0,0.0,1197451.43,1487099.51,0,False,False,False,True
374,686020.87,1559.0,0.0,231928.71,917949.58,0,False,False,False,True
190,4952.22,0.0,0.0,0.0,0.0,0,False,False,True,False
161,22319.93,171318.06,148998.13,0.0,0.0,0,False,False,True,False
254,1490.82,113.0,0.0,0.0,0.0,0,False,False,True,False
303,65498.09,20620781.42,20686279.51,394133.18,328635.09,0,False,False,False,False
253,644399.04,0.0,0.0,4694499.26,5338898.3,0,False,False,False,True
232,433154.6,10452.0,0.0,6381266.47,6814421.07,0,True,False,False,False
348,75494.74,0.0,0.0,148943.61,224438.35,0,True,False,False,False
135,106124.9,0.0,0.0,453152.11,559277.01,0,True,False,False,False
250,13618.92,0.0,0.0,0.0,0.0,0,False,False,True,False
304,194089.92,28329.0,0.0,357574.56,551664.49,0,True,False,False,False
405,126518.57,53060.0,0.0,1772112.43,1898631.0,0,True,False,False,False
23,13038.13,32643.0,19604.87,1410.46,14448.59,0,True,False,False,False
537,127447.68,127447.68,0.0,0.0,0.0,0,False,False,False,True
256,44444.13,229395.0,273839.13,264452.46,220008.33,0,False,False,False,False
331,28599.53,0.0,0.0,0.0,0.0,0,False,False,True,False
15,353109.82,2780903.4,3134013.22,717655.65,507333.11,0,False,False,False,False
261,244796.92,2014.0,0.0,0.0,244796.92,0,True,False,False,False
283,189897.05,9190.0,199087.05,0.0,0.0,0,False,False,False,False
159,11300.42,2552.0,0.0,0.0,0.0,0,False,False,True,False
33,820.53,6735.0,5914.47,0.0,0.0,0,False,False,True,False
15,81070.31,205657.0,124586.69,0.0,81070.31,0,False,False,False,True
42,1180092.9,0.0,0.0,1594985.94,2775078.84,0,False,False,False,True
260,52398.3,43285.0,0.0,3399.7,55798.01,0,True,False,False,False
401,164496.38,22571.0,187067.38,0.0,0.0,0,False,False,False,False
661,9763.61,494985.41,485221.81,0.0,0.0,0,False,False,True,False
178,72792.0,5769583.97,5842375.97,1532387.38,1459595.39,0,False,False,False,False
21,257182.86,181.0,0.0,0.0,265426.61,0,True,False,False,False
215,4506.0,295486.0,290980.0,0.0,0.0,0,False,False,True,False
165,227233.37,0.0,0.0,2702223.94,2929457.31,0,True,False,False,False
311,367071.24,36042.06,0.0,657695.81,1024767.05,0,True,False,False,False
16,3924.44,0.0,0.0,0.0,0.0,0,False,False,True,False
331,1964.79,0.0,0.0,0.0,0.0,0,False,False,True,False
284,161110.35,0.0,0.0,302382.52,463492.87,0,True,False,False,False
15,3033.33,11669.0,8635.67,0.0,0.0,0,False,False,True,False
181,8268.29,31337.71,23069.41,0.0,0.0,0,False,False,True,False
500,246884.28,103.0,0.0,207376.89,454261.18,0,False,False,False,True
135,455300.62,39854.0,495154.62,482226.47,26925.86,0,False,False,False,False
230,97582.73,632724.43,535141.7,189228.13,286810.86,0,True,False,False,False
251,705446.73,20851.0,726297.73,333919.15,0.0,0,False,False,False,False
181,274251.18,52191.0,0.0,239221.68,513472.87,0,True,False,False,False
159,131421.57,41556.0,0.0,142594.65,274016.22,0,True,False,False,False
256,9301.89,155370.2,146068.3,0.0,0.0,0,False,False,True,False
301,29056.4,2697.0,0.0,0.0,0.0,0,False,False,True,False
208,51821.2,200184.0,252005.2,0.0,0.0,0,False,False,False,False
187,523810.63,0.0,0.0,2207096.45,2730907.08,0,False,False,False,True
132,55643.95,0.0,0.0,3309323.99,3364967.95,0,True,False,False,False
236,190208.06,4070888.99,4261097.05,4027996.13,3837788.07,0,False,False,False,False
11,184336.26,0.0,0.0,498259.89,53134.63,0,True,False,False,False
134,43744.91,0.0,0.0,1858395.99,1902140.9,0,True,False,False,False
299,176543.46,147.0,176690.46,2991545.59,2815002.13,0,False,False,False,False
332,866876.13,0.0,0.0,2661115.06,3527991.19,0,False,False,False,True
235,144403.45,571.0,0.0,790051.85,934455.3,0,True,False,False,False
306,26788.12,0.0,0.0,0.0,0.0,0,False,False,True,False
375,384015.19,8588695.67,8972710.86,1267079.09,883063.9,0,False,False,False,False
327,394672.7,67922.0,0.0,0.0,394672.7,0,True,False,False,False
229,135582.41,31005.0,0.0,6918196.8,7053779.2,0,True,False,False,False
308,610656.43,5142.0,0.0,2605.23,613261.66,0,False,False,False,True
304,7271.87,20346.0,13074.13,3772066.11,3779337.98,0,True,False,False,False
329,22518.99,2307.0,0.0,0.0,0.0,0,False,False,True,False
274,404490.56,7581060.9,7985551.47,426688.05,22197.48,0,False,False,False,False
158,369912.69,1150.0,0.0,0.0,369912.69,0,True,False,False,False
304,173271.46,11290706.72,11463978.18,218577.21,45305.74,0,False,False,False,False
8,157991.96,0.0,0.0,200347.57,519853.57,0,False,False,False,True
260,41.47,40995.69,40954.23,0.0,0.0,0,False,False,True,False
140,9772.53,0.0,0.0,0.0,0.0,0,False,False,True,False
140,16358.72,0.0,0.0,0.0,0.0,0,False,False,True,False
202,158389.39,1090.0,0.0,329226.22,487615.61,0,True,False,False,False
21,3744.45,0.0,0.0,0.0,0.0,0,False,False,True,False
229,86416.91,6259.0,0.0,2316461.33,2402878.24,0,True,False,False,False
178,296011.09,0.0,0.0,3689026.23,4062423.71,0,False,False,False,True
353,96395.29,0.0,0.0,1885962.48,1982357.77,0,True,False,False,False
681,17856.28,798.0,0.0,0.0,0.0,0,False,False,True,False
201,195848.2,1913563.77,2109411.97,981494.1,785645.89,0,False,False,False,False
40,26091.84,134779.0,108687.16,0.0,0.0,0,False,False,True,False
324,88211.7,194.0,88405.7,46248.61,0.0,0,False,False,False,False
321,114951.14,11758.0,0.0,2180099.96,2295051.1,0,True,False,False,False
249,161412.56,0.0,0.0,2755658.34,2917070.9,0,True,False,False,False
375,238496.68,1107514.59,1346011.27,1222489.75,983993.07,0,False,False,False,False
307,1297621.68,0.0,0.0,1461467.52,2759089.19,0,False,False,False,True
299,30985.21,196404.94,165419.73,0.0,0.0,0,False,False,True,False
273,3870.98,7218.0,3347.02,0.0,0.0,0,False,False,True,False
234,817.21,79234.13,78416.92,0.0,0.0,0,False,False,True,False
235,199395.84,0.0,0.0,1674890.61,1874286.45,0,False,False,False,True
202,68620.65,0.0,0.0,109900.24,178520.89,0,True,False,False,False
371,300627.54,6641029.57,6941657.11,1311131.59,1010504.05,0,False,False,False,False
157,10639.79,11374.0,734.21,0.0,0.0,0,False,False,True,False
260,1153.87,374.0,0.0,0.0,0.0,0,False,False,True,False
310,309033.35,0.0,0.0,757526.78,1066560.13,0,True,False,False,False
94,96377.05,2463566.86,2559943.91,4503635.49,4407258.44,0,False,False,False,False
213,348152.19,0.0,0.0,365982.45,714134.64,0,True,False,False,False
400,258608.15,34610.44,0.0,516815.91,775424.05,0,True,False,False,False
255,153730.32,0.0,0.0,2064149.83,2217880.15,0,True,False,False,False
380,535.03,319719.4,319184.37,0.0,0.0,0,False,False,True,False
38,25375.62,179.0,0.0,0.0,0.0,0,False,False,True,False
303,9322.65,0.0,0.0,0.0,0.0,0,False,False,True,False
322,47322.09,0.0,0.0,0.0,0.0,0,False,False,True,False
203,291821.56,7780659.35,8072480.91,2891892.62,2600071.06,0,False,False,False,False
141,118157.64,24474842.77,24593000.4,186818.62,68660.98,0,False,False,False,False
134,147135.75,9902.0,0.0,0.0,147135.75,0,True,False,False,False
378,27801.28,2740293.1,2768094.38,2502794.64,2474993.36,0,False,False,False,False
379,163078.31,223.0,0.0,398624.61,561702.92,0,True,False,False,False
324,187047.36,15718.0,202765.36,89043.85,0.0,0,False,False,False,False
275,321296.35,30761.0,0.0,48945.49,370241.83,0,True,False,False,False
230,267322.78,0.0,0.0,619687.42,887010.2,0,True,False,False,False
351,16010.89,0.0,0.0,0.0,0.0,0,False,False,True,False
189,22644.48,8621072.25,8643716.73,23007.43,362.94,0,False,False,False,False
190,229916.22,0.0,0.0,1772831.88,2002748.1,0,True,False,False,False
590,51880.64,2172.0,0.0,144640.49,196521.14,0,True,False,False,False
43,9496.52,2236.0,0.0,0.0,0.0,0,False,False,True,False
183,241661.59,51899.0,293560.59,0.0,0.0,0,False,False,False,False
403,4505.36,54502.53,49997.18,0.0,0.0,0,False,False,True,False
236,158323.56,12295283.88,12453607.45,2698480.43,2540156.86,0,False,False,False,False
165,512575.97,0.0,0.0,2841234.09,3353810.06,0,False,False,False,True
163,464765.8,0.0,0.0,759739.78,1224505.58,0,True,False,False,False
259,5875.27,162983.72,157108.45,0.0,0.0,0,False,False,True,False
206,8466.98,0.0,0.0,158003.89,166470.87,0,True,False,False,False
44,48542.86,52122.0,3579.14,467041.6,515584.46,0,True,False,False,False
234,1788.81,20556.0,18767.19,0.0,0.0,0,False,False,True,False
37,21381.4,419991.6,398610.21,0.0,0.0,0,False,False,True,False
305,3448.9,425382.93,421934.02,0.0,0.0,0,False,False,True,False
17,214161.58,11469.0,0.0,196912.32,411073.9,0,True,False,False,False
159,779.54,0.0,0.0,0.0,0.0,0,False,False,True,False
42,38364.95,163302.54,124937.59,0.0,0.0,0,False,False,True,False
183,423380.9,140.0,423520.9,22385.16,0.0,0,False,False,False,False
133,17282.98,39955.66,22672.68,0.0,0.0,0,False,False,True,False
405,171802.7,42041.0,0.0,682705.97,854508.66,0,True,False,False,False
251,6664.79,0.0,0.0,0.0,0.0,0,False,False,True,False
370,33224.21,8485572.56,8518796.77,93259.02,60034.81,0,False,False,False,False
20,9481.85,2321.13,0.0,0.0,0.0,0,False,False,True,False
398,341894.52,0.0,0.0,347610.95,689505.47,0,True,False,False,False
96,38250.58,2723.45,0.0,0.0,0.0,0,False,False,True,False
139,1031537.23,564257.78,0.0,1600666.6,2599859.66,0,False,False,False,True
228,245046.58,2665464.93,2910511.52,3310192.52,3065145.93,0,False,False,False,False
226,531639.13,30375.0,0.0,0.0,531639.13,0,True,False,False,False
282,127272.14,100.0,127372.14,454780.85,327508.71,0,False,False,False,False
252,94553.74,7244.74,0.0,5838570.42,5933124.16,0,True,False,False,False
11,94968.55,0.0,0.0,1202453.19,1297421.75,0,True,False,False,False
203,293440.04,12437.0,0.0,212073.77,505513.81,0,True,False,False,False
451,163560.19,8215449.71,8379009.89,710952.85,547392.67,0,False,False,False,False
329,257507.44,22756.0,0.0,0.0,257507.44,0,False,False,False,True
542,56995.08,0.0,0.0,3131307.97,3188303.05,0,True,False,False,False
238,53173.64,125388.65,72215.01,0.0,0.0,0,False,False,True,False
134,250950.55,0.0,0.0,1256278.26,1507228.8,0,True,False,False,False
250,161776.39,20414.0,0.0,197461.71,359238.1,0,True,False,False,False
179,771736.57,602200.21,0.0,0.0,771736.57,0,False,False,False,True
180,37009.87,0.0,0.0,3670373.19,3707383.06,0,True,False,False,False
303,224636.11,20939.0,245575.11,3496884.64,3272248.53,0,False,False,False,False
160,181488.85,20657.0,0.0,23802.84,205291.68,0,True,False,False,False
234,211826.06,10955.0,0.0,0.0,211826.06,0,True,False,False,False
37,17912.33,18054.0,141.67,196570.96,214483.29,0,True,False,False,False
313,204680.43,2064717.67,2269398.1,544210.84,339530.41,0,False,False,False,False
155,15747.76,100.0,0.0,0.0,0.0,0,False,False,True,False
308,52870.07,952411.0,899540.93,0.0,52870.07,0,True,False,False,False
354,49816.93,10293.0,60109.93,796764.42,746947.49,0,False,False,False,False
347,311006.42,0.0,0.0,6023296.96,6334303.39,0,True,False,False,False
335,14192.75,29.0,0.0,0.0,0.0,0,False,False,True,False
236,154943.64,0.0,0.0,1442748.02,1597691.66,0,True,False,False,False
250,301498.68,51999.0,0.0,258402.24,559900.92,0,True,False,False,False
229,337695.88,631629.93,969325.82,3458481.06,3120785.17,0,False,False,False,False
187,15315.86,101950.0,86634.14,0.0,0.0,0,False,False,True,False
276,6180.68,9236.0,3055.32,654238.63,660419.3,0,False,True,False,False
274,118768.52,4445969.69,4564738.22,10727876.8,10609108.28,0,False,False,False,False
354,1716370.61,21231.0,0.0,135583.39,1851954.0,0,False,False,False,True
43,15072.65,16313.0,1240.35,0.0,0.0,0,False,False,True,False
404,618693.94,26885.73,0.0,1351102.87,1969796.81,0,False,False,False,True
282,2139.48,0.0,0.0,0.0,0.0,0,False,False,True,False
193,48638.22,60462.0,11823.78,0.0,0.0,0,False,False,True,False
692,6522.12,103456.0,96933.88,0.0,0.0,0,False,False,True,False
185,17142.11,155.0,0.0,0.0,0.0,0,False,False,True,False
42,14615.59,0.0,0.0,0.0,0.0,0,False,False,True,False
273,15275.83,5072.0,0.0,0.0,0.0,0,False,False,True,False
159,62189.61,28451.0,0.0,0.0,62189.61,0,True,False,False,False
347,619883.49,20324.0,0.0,3563153.44,4183036.93,0,True,False,False,False
309,5061.7,288806.17,283744.46,0.0,0.0,0,False,False,True,False
182,379110.43,0.0,0.0,2043734.71,2422845.14,0,True,False,False,False
298,160295.53,0.0,0.0,199877.89,360173.42,0,True,False,False,False
19,293759.47,0.0,0.0,1434741.87,1728501.34,0,True,False,False,False
404,3579.34,182094.0,178514.66,0.0,0.0,0,False,False,True,False
278,121014.56,0.0,0.0,544905.93,665920.49,0,True,False,False,False
8,1591.56,0.0,0.0,0.0,0.0,0,False,False,True,False
167,201046.56,26277.22,0.0,300780.65,501827.21,0,True,False,False,False
420,11063.39,1016179.87,1027243.27,47759.28,36695.88,0,False,False,False,False
180,289407.96,40947.0,0.0,1523681.64,1813089.6,0,True,False,False,False
231,10491.91,163172.0,152680.09,0.0,0.0,0,False,False,True,False
637,221625.05,10328.0,0.0,3835403.5,4057028.55,0,False,False,False,True
190,160074.11,11806.01,0.0,5162456.98,5322531.09,0,False,False,False,True
256,13260.78,0.0,0.0,392598.78,405859.56,0,True,False,False,False
231,173325.03,11674.0,184999.03,0.0,0.0,0,False,False,False,False
331,32626.11,0.0,0.0,0.0,0.0,0,False,False,True,False
300,7342.34,0.0,0.0,0.0,0.0,0,False,False,True,False
403,3340.01,0.0,0.0,0.0,0.0,0,False,False,True,False
279,115344.38,36235.0,0.0,357947.02,473291.41,0,True,False,False,False
215,171367.52,2012117.81,2183485.33,346071.77,174704.25,0,False,False,False,False
44,293.37,12341.0,12047.63,0.0,0.0,0,False,False,True,False
375,16762.35,11701.63,0.0,0.0,0.0,0,False,False,True,False
322,1194.47,142387.0,143581.47,297731.3,130436.69,0,False,False,False,False
378,5479.89,16365.25,10885.36,0.0,0.0,0,False,False,True,False
589,189364.59,226.0,189590.59,690941.28,501576.7,0,False,False,False,False
165,4045.15,5955.08,1909.92,0.0,0.0,0,False,False,True,False
402,191016.14,0.0,0.0,508887.55,699903.69,0,False,False,False,True
202,31750.42,0.0,0.0,5214093.54,5245843.96,0,True,False,False,False
349,274564.26,29768.0,304332.26,4754.57,0.0,0,False,False,False,False
131,3643.5,0.0,0.0,0.0,0.0,0,False,False,True,False
405,72654.09,146536.47,73882.38,727385.08,800039.17,0,True,False,False,False
163,132454.86,946.0,0.0,153917.55,425888.66,0,True,False,False,False
350,247304.68,24842858.55,25090163.23,1209524.11,962219.43,0,False,False,False,False
393,15399.19,534.0,0.0,0.0,0.0,0,False,False,True,False
136,180286.18,0.0,0.0,1963171.78,2143457.96,0,False,False,False,True
310,16701.74,206584.0,189882.26,0.0,0.0,0,False,False,True,False
375,264507.56,0.0,0.0,1010550.76,1275058.32,0,True,False,False,False
260,99164.7,0.0,0.0,523186.48,622351.18,0,True,False,False,False
280,13590.92,893028.0,879437.08,0.0,0.0,0,False,False,True,False
281,10419.89,21350.0,10930.11,0.0,0.0,0,False,False,True,False
135,7937.84,0.0,0.0,0.0,0.0,0,False,False,True,False
249,96.01,365.0,268.99,0.0,0.0,0,False,False,True,False
395,28591.81,0.0,0.0,11164681.03,11193272.85,0,True,False,False,False
10,189787.66,72197.0,0.0,211252.26,139795.87,0,True,False,False,False
136,254216.87,664.0,0.0,994.09,255210.96,0,True,False,False,False
379,7118.86,11532.0,4413.14,0.0,0.0,0,False,False,True,False
10,6098.84,2137579.84,2131481.0,0.0,0.0,0,False,False,True,False
346,16364.07,0.0,0.0,0.0,0.0,0,False,False,True,False
234,9134.94,294.0,0.0,0.0,0.0,0,False,False,True,False
153,10045.59,17396.2,7350.61,0.0,0.0,0,False,False,True,False
353,64701.42,49373.0,0.0,2358752.73,2423454.15,0,True,False,False,False
155,277975.89,11410019.44,11687995.33,6687598.46,6409622.57,0,False,False,False,False
154,16109.39,0.0,0.0,0.0,0.0,0,False,False,True,False
132,8039.09,31648.0,23608.91,0.0,0.0,0,False,False,True,False
39,157525.91,0.0,0.0,431423.76,588949.67,0,True,False,False,False
142,228298.27,5545.0,0.0,0.0,228298.27,0,False,False,False,True
206,143944.77,6261.0,0.0,764408.15,908352.92,0,True,False,False,False
374,131017.49,43058.0,0.0,261930.61,392948.1,0,True,False,False,False
140,54654.22,19870.0,0.0,101738.14,156392.36,0,True,False,False,False
280,261259.74,1899531.65,2160791.38,857205.94,595946.2,0,False,False,False,False
256,69840.82,17491013.68,17560854.5,4040308.26,3970467.44,0,False,False,False,False
183,797198.9,0.0,0.0,7507235.33,8304434.23,0,False,False,False,True
681,162735.08,0.0,0.0,355399.62,518134.7,0,False,False,False,True
39,10324.49,0.0,0.0,0.0,0.0,0,False,False,True,False
356,1104.77,49628.0,48523.23,0.0,0.0,0,False,False,True,False
14,122135.63,8896305.12,9018440.74,4875953.46,4753817.84,0,False,False,False,False
9,442.22,472086.32,471644.1,19882.0,20324.22,0,True,False,False,False
35,115875.56,0.0,0.0,1783423.09,1899298.65,0,True,False,False,False
132,128971.04,5068.0,134039.04,3837340.5,3708369.45,0,False,False,False,False
354,117606.87,10488.0,128094.87,44941.99,0.0,0,False,False,False,False
213,101550.41,7895861.9,7997412.31,4628131.19,4526580.79,0,False,False,False,False
12,8670.09,5078896.73,5087566.82,898033.4,548019.17,0,False,False,False,False
212,6784.56,0.0,0.0,0.0,0.0,0,False,False,True,False
12,6720.81,183345.0,176624.19,0.0,0.0,0,False,False,True,False
299,137426.21,49941.0,0.0,334.71,137760.92,0,True,False,False,False
15,2528.31,0.0,0.0,14797562.44,14800090.75,0,False,True,False,False
134,80462.29,0.0,0.0,165516.43,245978.72,0,False,False,False,True
19,15216.1,0.0,0.0,251210.9,167130.94,0,True,False,False,False
140,8093.39,45559.13,37465.74,0.0,0.0,0,False,False,True,False
16,134304.56,0.0,0.0,2185457.88,2865568.35,0,True,False,False,False
188,178961.81,45133.0,224094.81,285043.8,106081.98,0,False,False,False,False
14,246535.69,16538848.61,16785384.3,912308.88,665773.18,0,False,False,False,False
399,52699.85,70294.0,17594.15,0.0,52699.85,0,True,False,False,False
41,91901.37,10536.0,102437.37,563661.58,471760.2,0,False,False,False,False
158,108312.47,21404.0,0.0,72905.52,181217.99,0,True,False,False,False
11,290225.58,0.0,0.0,356202.57,880537.62,0,True,False,False,False
383,9162.03,45401.0,36238.97,0.0,0.0,0,False,False,True,False
347,59500.1,105312.0,45811.9,0.0,0.0,0,False,False,True,False
138,354591.13,280705.0,0.0,0.0,354591.13,0,False,False,False,True
186,14344.93,284103.04,269758.11,0.0,0.0,0,False,False,True,False
8,84868.29,48584.0,0.0,0.0,0.0,0,True,False,False,False
540,11542.27,905145.0,893602.73,0.0,0.0,0,False,False,True,False
308,84423.96,51455.0,0.0,367008.94,451432.9,0,True,False,False,False
249,86408.27,0.0,0.0,555692.81,642101.08,0,True,False,False,False
42,129183.92,11434.0,140617.92,342397.78,213213.86,0,False,False,False,False
659,271425.95,557147.26,828573.21,1206862.13,935436.18,0,False,False,False,False
649,309.11,31.0,0.0,0.0,0.0,0,False,False,True,False
179,27969.39,0.0,0.0,0.0,0.0,0,False,False,True,False
227,117885.42,10461.0,128346.42,1017552.11,899666.69,0,False,False,False,False
395,23158.53,554962.91,531804.38,0.0,0.0,0,False,False,True,False
394,77066.22,1754731.92,1831798.13,647255.19,734943.54,0,False,False,False,False
139,4329.42,0.0,0.0,0.0,0.0,0,False,False,True,False
275,58181.79,6193.0,0.0,0.0,58181.79,0,True,False,False,False
180,262617.7,5238897.97,5501515.66,8130856.91,7868239.21,0,False,False,False,False
331,178732.76,10286.0,0.0,2649736.39,2828469.15,0,True,False,False,False
350,28534.3,50725.0,22190.7,0.0,0.0,0,False,False,True,False
300,15186.85,283015.16,298202.01,876788.88,861602.03,0,False,False,False,False
188,167555.74,2569387.83,2736943.57,384466.85,216911.11,0,False,False,False,False
369,222786.37,0.0,0.0,1279040.72,1501827.08,0,True,False,False,False
283,602.3,45241.0,44638.7,0.0,0.0,0,False,False,True,False
137,308761.4,62170.0,0.0,154001.67,462763.07,0,True,False,False,False
183,11442.85,195163.05,183720.2,0.0,0.0,0,False,False,True,False
328,158805.78,198.0,159003.78,373272.43,214466.65,0,False,False,False,False
41,180392.63,13766.0,0.0,1450401.62,1630794.25,0,True,False,False,False
300,9227.33,0.0,0.0,0.0,0.0,0,False,False,True,False
326,523312.33,51635.0,0.0,3460709.27,3984021.6,0,True,False,False,False
206,55476.08,16827906.35,16883382.43,973314.42,917838.34,0,False,False,False,False
380,11459.76,5145.0,0.0,0.0,0.0,0,False,False,True,False
213,26611.3,2262.58,0.0,166639.04,193250.34,0,True,False,False,False
299,33223.26,6660255.48,6693478.74,87400.66,54177.4,0,False,False,False,False
492,213727.02,9289954.65,9503681.67,227498.2,13771.18,0,False,False,False,False
155,179546.83,207936.0,387482.83,0.0,0.0,0,False,False,False,False
133,210461.74,411481.02,201019.28,3309992.23,3253888.49,0,True,False,False,False
400,662157.68,267638.0,0.0,358738.35,1020896.04,0,True,False,False,False
331,294166.55,0.0,0.0,3904844.72,4199011.28,0,True,False,False,False
375,262182.15,0.0,0.0,3367912.73,3630094.88,0,False,False,False,True
348,240115.68,530.0,0.0,3498911.47,3739027.15,0,True,False,False,False
165,22141.72,12010.0,0.0,701247.03,723388.75,0,False,False,False,True
186,490681.27,233.0,490914.27,279273.32,0.0,0,False,False,False,False
298,32616.86,0.0,0.0,86693.76,119310.62,0,True,False,False,False
370,64794.06,1144417.67,1209211.73,380741.66,315947.61,0,False,False,False,False
41,82189.65,0.0,0.0,160836.91,243026.56,0,True,False,False,False
402,25281.34,1965409.89,1990691.23,207175.27,181893.93,0,False,False,False,False
133,62592.49,0.0,0.0,573339.41,635931.9,0,True,False,False,False
518,1661308.08,0.0,0.0,30261040.82,31922348.91,0,False,False,False,True
229,340127.75,150212.0,0.0,0.0,340127.75,0,True,False,False,False
179,8162.83,0.0,0.0,0.0,0.0,0,False,False,True,False
402,190107.26,0.0,0.0,194450.83,384558.09,0,True,False,False,False
235,502844.49,0.0,0.0,1000059.68,1502904.17,0,False,False,False,True
135,357011.74,0.0,0.0,680470.92,1041231.97,0,True,False,False,False
303,9653.71,24239.83,14586.12,0.0,0.0,0,False,False,True,False
299,96083.61,6149180.43,6245264.03,3629576.48,3533492.87,0,False,False,False,False
328,286380.93,45418.0,331798.93,0.0,0.0,0,False,False,False,False
157,23495.46,0.0,0.0,797707.4,821202.87,0,True,False,False,False
402,164005.03,8523.0,172528.03,0.0,0.0,0,False,False,False,False
349,146820.7,593285.0,446464.3,14304279.39,14451100.09,0,True,False,False,False
260,109290.49,1003.0,0.0,12043213.45,12152503.94,0,True,False,False,False
349,203603.85,2182786.66,2386390.51,407693.01,204089.16,0,False,False,False,False
354,231865.75,1470.0,233335.75,224537.71,0.0,0,False,False,False,False
131,199742.9,9965318.88,10165061.78,2150814.89,1951071.99,0,False,False,False,False
203,268954.44,2827000.14,3095954.58,1081200.99,604687.42,0,False,False,False,False
8,746646.42,0.0,0.0,1449719.98,2327534.97,0,True,False,False,False
159,878531.63,0.0,0.0,1913792.75,2792324.38,0,False,False,False,True
401,201529.04,37943.0,0.0,657592.14,982226.07,0,True,False,False,False
211,128230.04,61137.0,0.0,930626.76,1058856.8,0,True,False,False,False
19,63527.28,30003.0,0.0,163452.45,2197861.95,0,True,False,False,False
546,22933.87,2995.0,0.0,0.0,0.0,0,False,False,True,False
349,9147.29,0.0,0.0,0.0,0.0,0,False,False,True,False
252,216950.51,0.0,0.0,2767497.23,2984447.74,0,True,False,False,False
405,4528.23,11052.0,6523.77,0.0,0.0,0,False,False,True,False
283,609878.09,0.0,0.0,1210192.88,1820070.97,0,False,False,False,True
252,163600.08,4821.0,168421.08,3826969.65,3663369.57,0,False,False,False,False
204,219525.13,23023.0,0.0,0.0,219525.13,0,True,False,False,False
255,17247.56,0.0,0.0,469942.84,487190.4,0,False,False,False,True
140,179.25,117724.33,117545.08,0.0,0.0,0,False,False,True,False
370,140133.68,396.0,0.0,0.0,140133.68,0,True,False,False,False
275,88906.14,260663.0,349569.14,0.0,0.0,0,False,False,False,False
652,92043.22,92043.22,0.0,3090723.25,3182766.47,0,True,False,False,False
187,197229.72,2324767.18,2521996.89,1019014.36,821784.65,0,False,False,False,False
166,412895.7,0.0,0.0,5929820.25,6342715.94,0,True,False,False,False
398,420111.34,32377.0,0.0,481412.22,901523.56,0,True,False,False,False
42,12083.06,195689.32,183606.26,0.0,0.0,0,False,False,True,False
203,280169.08,36259.0,0.0,0.0,280169.08,0,True,False,False,False
159,8488.5,13784598.21,13793086.71,1962784.63,1954296.13,0,False,False,False,False
370,260017.14,0.0,0.0,470224.61,730241.75,0,True,False,False,False
275,68187.3,49573.0,0.0,374369.01,442556.31,0,True,False,False,False
178,150121.34,3505135.15,3655256.49,413108.69,262987.35,0,False,False,False,False
163,45371.14,743415.0,698043.86,353765.36,399136.51,0,True,False,False,False
164,247388.29,76493.0,0.0,0.0,247388.29,0,True,False,False,False
34,266354.07,11454.0,277808.07,202180.86,0.0,0,False,False,False,False
522,265747.1,3822107.86,4087854.96,348678.6,82931.5,0,False,False,False,False
276,66272.18,702979.33,769251.51,94258.85,27986.67,0,False,False,False,False
249,60519.04,16819.0,77338.04,39978.53,0.0,0,False,False,False,False
374,18535.77,0.0,0.0,131107.96,149643.73,0,True,False,False,False
35,11078.16,0.0,0.0,0.0,0.0,0,False,False,True,False
404,83537.74,0.0,0.0,190222.35,273760.08,0,True,False,False,False
40,51928.43,0.0,0.0,3521712.29,3573640.72,0,True,False,False,False
259,10185.45,17570492.66,17580678.11,304982.19,294796.73,0,False,False,False,False
402,18079.18,49809.0,31729.82,0.0,0.0,0,False,False,True,False
380,9196.39,555116.34,545919.95,0.0,0.0,0,False,False,True,False
16,63865.53,0.0,0.0,1712274.49,1776140.02,0,False,False,False,True
306,2636.04,31802.38,29166.34,0.0,0.0,0,False,False,True,False
371,355262.37,117148.49,0.0,575788.24,931050.61,0,False,False,False,True
349,26558.53,0.0,0.0,241448.16,268006.69,0,True,False,False,False
282,105113.16,37395.41,142508.57,3241982.66,3136869.49,0,False,False,False,False
140,60143.81,0.0,0.0,466480.42,526624.23,0,True,False,False,False
136,17461.98,70435.66,52973.68,0.0,0.0,0,False,False,True,False
41,122692.83,10610433.65,10733126.48,6539023.82,6506558.85,0,False,False,False,False
469,62300.24,3271957.16,3334257.4,103570.57,41270.33,0,False,False,False,False
131,167420.91,1637360.24,1804781.15,1036965.45,869544.54,0,False,False,False,False
14,261780.31,0.0,0.0,421548.93,1037552.49,0,True,False,False,False
276,103379.63,0.0,0.0,303017.88,406397.52,0,True,False,False,False
162,50902.08,0.0,0.0,333316.05,760346.28,0,True,False,False,False
9,27520.54,11128.79,0.0,0.0,0.0,0,False,False,True,False
324,205387.89,10365.0,215752.89,14385.71,0.0,0,False,False,False,False
257,276441.16,8811107.48,9087548.65,443297.24,166856.08,0,False,False,False,False
401,116117.01,7931355.52,8047472.53,204829.38,88712.37,0,False,False,False,False
253,240242.88,0.0,0.0,4112821.52,4353064.4,0,True,False,False,False
259,274906.53,20725.0,295631.53,13551.09,0.0,0,False,False,False,False
162,169869.93,0.0,0.0,689377.66,859247.59,0,True,False,False,False
22,2084.49,3640.0,1555.51,1644079.24,1646163.72,0,True,False,False,False
332,139447.53,11617.0,0.0,13008.67,152456.21,0,True,False,False,False
210,126939.13,10965.0,137904.13,0.0,0.0,0,False,False,False,False
347,141002.83,0.0,0.0,263928.6,404931.44,0,True,False,False,False
165,13298.68,20394.0,7095.32,0.0,0.0,0,False,False,True,False
380,208097.81,527812.78,735910.59,1675361.94,1467264.13,0,False,False,False,False
403,180291.06,0.0,0.0,200332.0,331449.76,0,True,False,False,False
352,368556.73,0.0,0.0,3307082.23,3675638.96,0,True,False,False,False
285,2561.99,36582.0,34020.01,0.0,0.0,0,False,False,True,False
396,152841.33,523917.36,371076.03,526302.88,679144.21,0,True,False,False,False
204,14084.98,0.0,0.0,7205791.15,7219876.13,0,True,False,False,False
19,1662.68,10239.0,8576.32,0.0,0.0,0,False,False,True,False
347,88387.43,0.0,0.0,189486.83,277874.25,0,True,False,False,False
41,224779.85,5861958.21,6086738.06,247294.89,22515.04,0,False,False,False,False
373,504485.22,0.0,0.0,1679250.56,2183735.79,0,True,False,False,False
253,414314.57,12232.06,0.0,3364249.21,3778563.78,0,True,False,False,False
352,6176.51,0.0,0.0,0.0,0.0,0,False,False,True,False
253,108135.09,0.0,0.0,3087890.25,3196025.34,0,True,False,False,False
158,8312.43,0.0,0.0,0.0,0.0,0,False,False,True,False
211,37320.0,19498.0,0.0,368379.03,405699.03,0,False,False,False,True
13,345183.3,10248.0,355431.3,3875295.31,3530112.0,0,False,False,False,False
332,39481.64,9554511.31,9593992.95,248150.4,208668.76,0,False,False,False,False
305,281203.52,13136.0,0.0,452995.29,734198.81,0,True,False,False,False
283,146957.35,20100.0,167057.35,0.0,0.0,0,False,False,False,False
214,8984.84,51506.0,42521.16,0.0,0.0,0,False,False,True,False
201,232014.04,45896.0,0.0,0.0,232014.04,0,True,False,False,False
161,107378.24,27183571.64,27290949.87,2051933.57,1944555.33,0,False,False,False,False
3,50662.63,0.0,0.0,52277.42,9076.2,0,False,False,False,True
308,3691.59,0.0,0.0,0.0,0.0,0,False,False,True,False
16,7686.91,0.0,0.0,0.0,0.0,0,False,False,True,False
159,92781.49,30064.0,0.0,886968.1,979749.58,0,True,False,False,False
164,12075.0,0.0,0.0,19787.27,31862.26,0,True,False,False,False
131,235439.35,52295.0,0.0,0.0,235439.35,0,True,False,False,False
138,316927.83,3527373.94,3844301.77,2815196.44,2498268.61,0,False,False,False,False
324,5001.74,238003.0,233001.26,0.0,0.0,0,False,False,True,False
353,8192.12,0.0,0.0,6317111.05,6325303.18,0,True,False,False,False
277,43618.9,102663.0,59044.1,0.0,43618.9,0,True,False,False,False
41,42475.66,30724.0,0.0,4374956.04,4417431.7,0,True,False,False,False
306,294616.38,0.0,0.0,340808.66,635425.04,0,True,False,False,False
255,20031.65,2497679.84,2517711.49,123654.84,103623.19,0,False,False,False,False
236,2105.1,0.0,0.0,0.0,0.0,0,False,False,True,False
357,186178.37,20870.0,0.0,0.0,186178.37,0,True,False,False,False
637,39844.23,167.0,0.0,0.0,0.0,0,False,False,True,False
158,4444.46,0.0,0.0,0.0,0.0,0,False,False,True,False
162,6069.31,0.0,0.0,0.0,0.0,0,False,False,True,False
416,115136.17,0.0,0.0,913166.11,1028302.28,0,True,False,False,False
254,22622.24,105702.61,83080.37,0.0,0.0,0,False,False,True,False
442,135472.68,29846.0,0.0,196300.04,331772.73,0,True,False,False,False
36,505947.09,329773.92,835721.01,2064488.7,1558541.6,0,False,False,False,False
96,18990.23,0.0,0.0,0.0,0.0,0,False,False,True,False
178,3021.49,0.0,0.0,0.0,0.0,0,False,False,True,False
41,10146.29,0.0,0.0,0.0,0.0,0,False,False,True,False
34,10252.27,99414.14,89161.88,0.0,0.0,0,False,False,True,False
40,3214.43,0.0,0.0,0.0,0.0,0,False,False,True,False
349,54186.26,686251.49,740437.74,89201.96,35015.7,0,False,False,False,False
351,159763.79,0.0,0.0,1792987.81,1952751.6,0,True,False,False,False
284,7916.69,31217.0,23300.31,0.0,0.0,0,False,False,True,False
181,67657.8,3940274.48,4007932.28,2514591.83,2446934.03,0,False,False,False,False
596,2710.33,611.68,0.0,0.0,0.0,0,False,False,True,False
355,19631.27,28192.0,8560.73,0.0,0.0,0,False,False,True,False
211,16615.01,0.0,0.0,0.0,0.0,0,False,False,True,False
403,2499674.69,0.0,0.0,2763211.21,5262885.9,0,False,False,False,True
211,5853.63,0.0,0.0,0.0,0.0,0,False,False,True,False
328,149509.39,41550.0,0.0,1173135.36,1322644.75,0,True,False,False,False
353,207918.63,7333645.72,7541564.35,8929963.48,8722044.86,0,False,False,False,False
231,70206.13,0.0,0.0,1557367.02,1627573.15,0,True,False,False,False
229,4146.23,0.0,0.0,0.0,0.0,0,False,False,True,False
251,9265.18,52397.0,43131.82,2763165.24,2772430.42,0,True,False,False,False
348,140162.25,0.0,0.0,279167.7,419329.95,0,True,False,False,False
335,78776.57,39316.03,0.0,4794529.45,4873306.01,0,True,False,False,False
492,8993.25,5993474.17,6002467.42,481894.29,472901.04,0,False,False,False,False
305,339476.12,0.0,0.0,1947808.4,2287284.52,0,False,False,False,True
137,62136.1,0.0,0.0,319654.66,381790.76,0,True,False,False,False
327,73489.13,0.0,0.0,3075750.42,3149239.56,0,True,False,False,False
18,207782.21,465127.94,672910.15,267982.88,60200.67,0,False,False,False,False
252,17754.89,138273.04,120518.15,0.0,0.0,0,False,False,True,False
278,315084.64,0.0,0.0,599602.75,914687.39,0,False,False,False,True
208,204363.2,12394.0,0.0,93692.37,433752.29,0,True,False,False,False
354,10303.3,165.0,0.0,0.0,0.0,0,False,False,True,False
263,103375.23,199657.34,303032.58,2600380.59,2497005.35,0,False,False,False,False
138,27774.89,4462.04,0.0,0.0,0.0,0,False,False,True,False
134,279763.89,0.0,0.0,1727538.1,2007302.0,0,True,False,False,False
179,11425.59,0.0,0.0,0.0,0.0,0,False,False,True,False
355,704663.34,21692924.27,22397587.62,2364217.62,1659554.28,0,False,False,False,False
228,420556.98,0.0,0.0,832401.01,1252957.99,0,True,False,False,False
233,7994.62,105421.0,97426.38,0.0,0.0,0,False,False,True,False
305,10000000.0,0.0,0.0,10448429.74,41852437.89,0,False,False,False,True
308,320728.38,0.0,0.0,7686573.62,8007302.0,0,True,False,False,False
204,280874.46,27221.0,308095.46,0.0,0.0,0,False,False,False,False
160,8331.36,330730.66,322399.31,0.0,0.0,0,False,False,True,False
306,5662.42,0.0,0.0,0.0,0.0,0,False,False,True,False
695,58671.2,850427.0,791755.8,1980331.63,2039002.82,0,True,False,False,False
576,154970.83,10335921.72,10490892.55,326922.25,171951.41,0,False,False,False,False
258,15895.67,147105.0,163000.67,0.0,0.0,0,False,False,False,False
46,4019.33,19807.0,15787.67,0.0,0.0,0,False,False,True,False
183,20456.97,18513.0,0.0,0.0,0.0,0,False,False,True,False
281,106039.04,0.0,0.0,247264.84,353303.88,0,True,False,False,False
331,16886.32,2685.0,0.0,1399600.31,1416486.63,0,True,False,False,False
209,91951.32,3321205.24,3413156.56,3775045.54,3683094.23,0,False,False,False,False
187,127687.34,5676.0,133363.34,0.0,0.0,0,False,False,False,False
282,36616.99,0.0,0.0,0.0,0.0,0,False,False,True,False
355,98774.87,771.0,0.0,0.0,98774.87,0,True,False,False,False
514,1551173.84,481.0,0.0,256268.35,1807442.19,0,False,False,False,True
300,403520.74,35628.0,439148.74,0.0,0.0,0,False,False,False,False
282,19684.14,0.0,0.0,0.0,0.0,0,False,False,True,False
161,184285.47,15319.0,0.0,0.0,184285.47,0,True,False,False,False
352,29702.6,120459.34,90756.74,5241169.23,5270871.82,0,True,False,False,False
41,33629.99,0.0,0.0,0.0,0.0,0,False,False,True,False
227,7877.33,0.0,0.0,0.0,0.0,0,False,False,True,False
352,1932.02,68948.0,67015.98,0.0,0.0,0,False,False,True,False
204,31627.79,0.0,0.0,397655.53,429283.32,0,True,False,False,False
396,148445.61,6141.0,0.0,1040450.74,1188896.35,0,True,False,False,False
40,293587.87,0.0,0.0,386380.51,679968.38,0,True,False,False,False
253,320744.95,1633.0,0.0,0.0,320744.95,0,True,False,False,False
138,102603.23,0.0,0.0,130438.72,233041.95,0,True,False,False,False
251,221197.95,3563.0,224760.95,0.0,0.0,0,False,False,False,False
347,33093.94,7173293.85,7206387.78,104226.31,71132.37,0,False,False,False,False
154,226498.24,28120475.88,28346974.11,2437035.36,2210537.12,0,False,False,False,False
303,230683.65,350.0,0.0,8454371.9,8685055.55,0,True,False,False,False
17,5751.02,624995.69,630746.71,14917.0,9165.98,0,False,False,False,False
153,5880.5,3426458.61,3432339.11,102213.8,96333.3,0,False,False,False,False
154,462585.56,17186.09,0.0,691048.86,1153634.42,0,True,False,False,False
328,7635.14,0.0,0.0,0.0,0.0,0,False,False,True,False
322,20534.59,0.0,0.0,0.0,0.0,0,False,False,True,False
396,20680.34,6946.0,0.0,0.0,0.0,0,False,False,True,False
159,179108.6,6401.0,0.0,43984.54,223093.14,0,True,False,False,False
183,423356.19,1527307.09,1950663.28,1431966.67,1008610.49,0,False,False,False,False
159,423408.28,23577.0,446985.28,4672343.69,4248935.41,0,False,False,False,False
252,80095.67,1697027.18,1777122.85,297539.51,217443.83,0,False,False,False,False
18,35299.6,0.0,0.0,961396.83,1072617.58,0,True,False,False,False
234,25816.49,0.0,0.0,0.0,0.0,0,False,False,True,False
331,13259.06,153353.01,140093.95,691360.56,704619.62,0,True,False,False,False
225,374136.79,32565.0,0.0,0.0,445586.84,0,True,False,False,False
378,192815.77,192815.77,0.0,0.0,192815.77,0,True,False,False,False
324,89934.67,0.0,0.0,376498.4,466433.06,0,False,False,False,True
132,9774.05,21093.0,11318.95,0.0,0.0,0,False,False,True,False
202,93163.18,0.0,0.0,98755.3,366722.87,0,True,False,False,False
180,73433.83,200665.43,127231.6,530976.31,800974.15,0,True,False,False,False
279,1154.43,0.0,0.0,0.0,0.0,0,False,False,True,False
252,4464.5,5305.0,840.5,0.0,0.0,0,False,False,True,False
355,116868.54,539372.4,656240.94,10946950.96,10830082.42,0,False,False,False,False
205,8799.16,65482.0,56682.84,0.0,0.0,0,False,False,True,False
332,152347.92,949433.0,1101780.92,795998.92,643651.0,0,False,False,False,False
164,110664.72,658536.0,547871.28,0.0,110664.72,0,True,False,False,False
21,69515.3,1754218.94,1823734.24,456633.98,387118.68,0,False,False,False,False
203,58766.34,0.0,0.0,11084752.36,11143518.7,0,True,False,False,False
162,12489.71,0.0,0.0,0.0,0.0,0,False,False,True,False
155,17662.15,0.0,0.0,433467.01,451129.16,0,True,False,False,False
372,234657.68,4253.0,0.0,341781.62,576439.31,0,True,False,False,False
301,432081.06,87774.0,0.0,95079.95,527161.01,0,True,False,False,False
15,333519.13,8721.0,0.0,0.0,333519.13,0,True,False,False,False
279,182950.11,0.0,0.0,276230.13,459180.24,0,True,False,False,False
40,279714.05,457286.69,737000.74,7686213.54,7406499.48,0,False,False,False,False
283,342837.27,1383.27,344220.54,711484.42,368647.15,0,False,False,False,False
276,6565.03,0.0,0.0,0.0,0.0,0,False,False,True,False
13,157858.97,0.0,0.0,478331.1,636190.07,0,True,False,False,False
378,135096.76,0.0,0.0,638833.54,773930.3,0,False,False,False,True
684,1477172.11,60344.0,0.0,34489.26,1511661.36,0,False,False,False,True
185,207671.45,0.0,0.0,1313059.17,1520730.62,0,False,False,False,True
94,7039.54,5.0,0.0,0.0,0.0,0,False,False,True,False
13,143721.95,466.0,144187.95,351188.46,207466.51,0,False,False,False,False
210,464380.64,0.0,0.0,564275.48,1028656.12,0,True,False,False,False
188,8270.6,1445.0,0.0,0.0,0.0,0,False,False,True,False
307,229247.91,0.0,0.0,974461.51,1203709.42,0,True,False,False,False
397,237645.99,220801.0,458446.99,0.0,0.0,0,False,False,False,False
397,3266173.93,0.0,0.0,7160907.58,10427081.51,0,False,False,False,True
183,5818.78,0.0,0.0,0.0,0.0,0,False,False,True,False
378,42188.59,20368.0,62556.59,1317726.53,1275537.94,0,False,False,False,False
544,314372.99,1946413.7,2260786.7,2780329.12,2465956.13,0,False,False,False,False
400,5696.38,160233.31,154536.92,0.0,0.0,0,False,False,True,False
160,333040.24,11622288.22,11955328.47,416791.05,83750.81,0,False,False,False,False
253,1178389.01,25530.0,0.0,367898.92,1546287.92,0,False,False,False,True
307,192720.0,0.0,0.0,2717024.9,2909744.9,0,True,False,False,False
402,19290.75,20922.0,1631.25,0.0,0.0,0,False,False,True,False
183,1071609.45,75582.35,0.0,1785064.74,2856674.18,0,False,False,False,True
335,7187.73,0.0,0.0,0.0,0.0,0,False,False,True,False
48,125215.12,0.0,0.0,1702137.69,1827352.82,0,True,False,False,False
256,71650.62,1016239.55,1087890.17,316075.61,244424.98,0,False,False,False,False
139,189053.38,573622.99,762676.37,503086.86,428727.91,0,False,False,False,False
399,329987.3,13919.0,0.0,0.0,329987.3,0,True,False,False,False
393,2460.68,0.0,0.0,0.0,0.0,0,False,False,True,False
407,27680.13,2774.97,0.0,0.0,0.0,0,False,False,True,False
94,5605.87,277.0,0.0,0.0,0.0,0,False,False,True,False
251,198312.67,107508.0,0.0,8014401.61,8212714.28,0,True,False,False,False
140,9550.6,14839.0,5288.4,0.0,0.0,0,False,False,True,False
131,17502.16,0.0,0.0,0.0,0.0,0,False,False,True,False
212,122660.93,51385.0,0.0,146354.82,269015.75,0,True,False,False,False
252,228811.34,9926.0,0.0,0.0,228811.34,0,True,False,False,False
379,153795.46,156147.0,309942.46,247064.24,93268.78,0,False,False,False,False
49,90682.58,284037.0,193354.42,0.0,90682.58,0,False,False,False,True
399,20546.31,0.0,0.0,0.0,0.0,0,False,False,True,False
140,38759.55,0.0,0.0,95294.73,134054.27,0,True,False,False,False
234,302152.52,5393427.95,5695580.47,1648141.14,1345988.62,0,False,False,False,False
373,33762.02,6643.16,0.0,0.0,0.0,0,False,False,True,False
252,7970.94,0.0,0.0,0.0,0.0,0,False,False,True,False
300,22011.03,0.0,0.0,0.0,0.0,0,False,False,True,False
378,2785.86,588.95,0.0,0.0,0.0,0,False,False,True,False
500,225904.77,8734223.46,8960128.23,4384389.19,4158484.41,0,False,False,False,False
404,150152.38,0.0,0.0,4544612.37,4694764.74,0,True,False,False,False
18,197999.74,993618.0,1191617.74,0.0,0.0,0,False,False,False,False
227,2326253.81,0.0,0.0,6752957.14,9079210.96,0,False,False,False,True
178,241377.19,1113382.3,1354759.49,1807276.53,1565899.35,0,False,False,False,False
323,59076.78,11601.0,0.0,0.0,59076.78,0,True,False,False,False
17,175043.89,361399.58,536443.47,187452.96,12409.08,0,False,False,False,False
21,59605.58,0.0,0.0,661569.66,721175.24,0,False,False,False,True
132,44598.29,0.0,0.0,320443.52,365041.81,0,True,False,False,False
235,33033.35,20398.0,0.0,0.0,33033.35,0,True,False,False,False
324,26731.81,722170.46,695438.65,0.0,0.0,0,False,False,True,False
225,32223.27,92106.0,59882.73,0.0,0.0,0,False,False,True,False
254,3169.56,15189.87,12020.31,0.0,0.0,0,False,False,True,False
538,10294.15,0.0,0.0,0.0,0.0,0,False,False,True,False
227,128010.23,0.0,0.0,807775.94,935786.17,0,True,False,False,False
185,8915.61,29438.0,20522.39,0.0,0.0,0,False,False,True,False
18,1610.72,0.0,0.0,1210168.17,1029731.26,0,False,True,False,False
161,33157.58,0.0,0.0,43154.33,76311.91,0,True,False,False,False
15,14366.25,6596.09,0.0,0.0,0.0,0,False,False,True,False
214,4640.57,207.0,0.0,0.0,0.0,0,False,False,True,False
129,160602.93,32075.0,0.0,0.0,18620.42,0,True,False,False,False
284,223716.63,10459.0,234175.63,294821.28,71104.65,0,False,False,False,False
35,10609.48,0.0,0.0,0.0,0.0,0,False,False,True,False
160,160810.99,4871293.47,5032104.46,349819.5,189008.51,0,False,False,False,False
9,50138.91,22350.0,0.0,0.0,50138.91,0,True,False,False,False
249,5131.36,0.0,0.0,0.0,0.0,0,False,False,True,False
253,222371.58,7342885.12,7565256.7,4530431.02,4308059.44,0,False,False,False,False
206,18338.83,12764842.27,12783181.1,84808.77,66469.94,0,False,False,False,False
35,6982.1,43238.85,36256.76,0.0,0.0,0,False,False,True,False
209,202508.07,2644003.5,2846511.58,422924.13,220416.05,0,False,False,False,False
306,542322.32,374.0,0.0,61540.09,603862.41,0,False,False,False,True
402,134393.77,60239.0,194632.77,0.0,0.0,0,False,False,False,False
46,44066.07,3075756.4,3119822.47,1421604.19,1377538.12,0,False,False,False,False
352,294227.73,49419.0,0.0,1475767.8,1769995.52,0,True,False,False,False
397,7526.57,139.0,0.0,0.0,0.0,0,False,False,True,False
396,224720.87,24510.0,0.0,158445.19,383166.06,0,True,False,False,False
235,1680672.95,4745.0,0.0,206244.0,2153928.94,0,False,False,False,True
399,103317.9,0.0,0.0,3787847.78,3891165.69,0,True,False,False,False
217,6010.36,10105.0,4094.64,0.0,0.0,0,False,False,True,False
212,292380.13,0.0,0.0,331039.77,623419.9,0,True,False,False,False
312,5268.25,22753.0,17484.75,0.0,0.0,0,False,False,True,False
397,37544.2,18764.0,0.0,0.0,0.0,0,False,False,True,False
274,1201.97,311505.5,310303.53,0.0,0.0,0,False,False,True,False
307,152061.17,0.0,0.0,2764955.4,2917016.57,0,True,False,False,False
139,194918.84,4521228.81,4716147.65,1227203.01,1032284.17,0,False,False,False,False
310,74149.13,625613.88,699763.01,278605.23,204456.11,0,False,False,False,False
281,261388.3,0.0,0.0,4057112.84,4318501.14,0,True,False,False,False
137,567833.7,0.0,0.0,1690728.65,2258562.35,0,False,False,False,True
37,16827.41,11489.0,0.0,0.0,0.0,0,False,False,True,False
34,557230.46,0.0,0.0,6162685.68,6072991.59,0,True,False,False,False
394,33439.79,26338.0,0.0,0.0,0.0,0,False,False,True,False
255,123249.04,20445667.17,20568916.21,280129.34,156880.31,0,False,False,False,False
15,293429.17,15302.0,0.0,0.0,780966.21,0,True,False,False,False
17,32839.69,0.0,0.0,0.0,0.0,0,False,False,True,False
250,265258.98,340.0,0.0,1150594.67,1220511.58,0,True,False,False,False
207,306685.17,42573.0,349258.17,36049.33,0.0,0,False,False,False,False
183,26459.62,2935047.23,2961506.86,4558066.92,4531607.29,0,False,False,False,False
302,154702.71,27279.0,0.0,151265.06,305967.77,0,True,False,False,False
205,1266.18,426517.32,425251.14,0.0,0.0,0,False,False,True,False
403,73358.36,205227.0,131868.64,3421.05,76779.41,0,True,False,False,False
134,4053.23,0.0,0.0,0.0,0.0,0,False,False,True,False
158,26341.06,575149.41,548808.35,0.0,0.0,0,False,False,True,False
201,38199.34,8339398.03,8377597.37,2810504.98,2772305.65,0,False,False,False,False
397,11805.4,0.0,0.0,0.0,0.0,0,False,False,True,False
302,336834.37,2151.0,0.0,72025.57,408859.94,0,True,False,False,False
372,240405.22,1667452.61,1907857.83,1903056.94,1662651.73,0,False,False,False,False
281,129451.3,41682.0,0.0,469530.08,598981.38,0,True,False,False,False
395,226815.58,50118.0,0.0,67473.32,294288.9,0,True,False,False,False
324,194769.09,2071.0,0.0,142725.85,337494.94,0,True,False,False,False
156,57389.95,311771.0,369160.95,279422.84,222032.9,0,False,False,False,False
187,195238.22,78.0,195316.22,46971.0,0.0,0,False,False,False,False
137,284421.05,7375.0,0.0,3042420.36,3326841.4,0,True,False,False,False
321,43384.14,5160.0,0.0,0.0,43384.14,0,True,False,False,False
355,151202.0,0.0,0.0,220348.67,371550.67,0,True,False,False,False
44,58630.18,458568.42,399938.23,296037.06,354667.24,0,True,False,False,False
234,178638.82,18626.21,0.0,399614.18,578253.0,0,True,False,False,False
140,2353.61,201941.42,199587.81,0.0,0.0,0,False,False,True,False
43,255449.98,0.0,0.0,818969.71,1074419.69,0,True,False,False,False
348,9800.2,18723443.67,18733243.87,177884.67,168084.47,0,False,False,False,False
257,781934.5,497263.0,0.0,61498.41,843432.91,0,False,False,False,True
187,232950.39,82333.0,0.0,237985.96,470936.34,0,True,False,False,False
397,330532.31,37482.0,0.0,151280.33,481812.64,0,True,False,False,False
185,70143.5,0.0,0.0,141346.38,211489.88,0,True,False,False,False
158,247994.54,14375.0,0.0,973947.45,1221941.99,0,True,False,False,False
348,66019.84,11694.0,0.0,50248.45,116268.29,0,True,False,False,False
236,28957.69,20698.0,0.0,9034.57,37992.25,0,True,False,False,False
177,31334.33,0.0,0.0,0.0,0.0,0,False,False,True,False
26,112423.51,5636940.21,5749363.72,500789.42,388365.91,0,False,False,False,False
183,56267.15,0.0,0.0,3522305.97,3578573.12,0,True,False,False,False
378,12972.57,297.0,13269.57,5594.0,0.0,0,False,False,False,False
303,282261.73,8712080.7,8994342.43,426848.78,144587.05,0,False,False,False,False
139,90709.22,144433.0,53723.78,74176.3,280441.17,0,True,False,False,False
256,25090.5,869729.73,844639.23,0.0,0.0,0,False,False,True,False
328,215955.91,0.0,0.0,9045288.6,9261244.51,0,True,False,False,False
310,54548.38,391154.0,336605.62,0.0,0.0,0,False,False,True,False
10,8295.9,0.0,0.0,0.0,0.0,0,False,False,True,False
328,356404.61,12495.0,368899.61,2529963.7,2173559.09,0,False,False,False,False
235,10913.35,10007.0,0.0,0.0,0.0,0,True,False,False,False
43,484695.16,0.0,0.0,11711644.2,12196339.37,0,False,False,False,True
232,155820.49,0.0,0.0,270298.73,426119.21,0,True,False,False,False
373,11053.49,0.0,0.0,0.0,0.0,0,False,False,True,False
229,1405802.83,0.0,0.0,2281626.18,3687429.0,0,False,False,False,True
158,3861.02,34021.0,30159.98,0.0,0.0,0,False,False,True,False
283,5097.48,0.0,0.0,0.0,0.0,0,False,False,True,False
160,77698.99,2894682.15,2972381.14,1505105.87,1427406.87,0,False,False,False,False
162,274829.59,3290875.16,3565704.75,963279.5,1018998.15,0,False,False,False,False
234,712232.64,0.0,0.0,1060203.14,1772435.78,0,False,False,False,True
404,3118.71,180919.07,177800.36,0.0,0.0,0,False,False,True,False
137,43075.24,0.0,0.0,0.0,0.0,0,False,False,True,False
153,249826.82,123592.0,0.0,1123635.91,1373462.73,0,True,False,False,False
324,25916.79,0.0,0.0,0.0,0.0,0,False,False,True,False
19,369261.8,5752.0,375013.8,304174.95,0.0,0,False,False,False,False
187,59921.29,19892.0,0.0,0.0,59921.29,0,True,False,False,False
395,23034.31,154290.79,131256.47,0.0,0.0,0,False,False,True,False
239,8690.69,52412.0,43721.31,0.0,0.0,0,False,False,True,False
17,280672.68,337647.32,56974.64,0.0,527089.66,0,True,False,False,False
256,730382.02,0.0,0.0,811922.84,1542304.86,0,False,False,False,True
351,109851.82,0.0,0.0,714639.4,824491.22,0,True,False,False,False
356,56542.11,225344.82,168802.71,694443.77,750985.88,0,True,False,False,False
201,301443.94,0.0,0.0,694292.7,995736.64,0,True,False,False,False
540,189593.42,106439.0,0.0,0.0,189593.42,0,True,False,False,False
201,27649.96,0.0,0.0,2275871.86,2303521.82,0,True,False,False,False
168,13821.11,2031.0,0.0,0.0,0.0,0,False,False,True,False
164,6039.96,60371.0,54331.04,0.0,0.0,0,False,False,True,False
283,23404.36,15726.0,0.0,0.0,0.0,0,False,False,True,False
236,24451.98,11150.0,0.0,542101.44,566553.43,0,False,False,False,True
306,189040.79,10513096.12,10702136.92,271980.42,414048.49,0,False,False,False,False
156,25046.79,45081.0,20034.21,0.0,0.0,0,False,False,True,False
376,3340.71,3519.0,178.29,0.0,0.0,0,False,False,True,False
135,2844.88,0.0,0.0,0.0,0.0,0,False,False,True,False
377,583570.76,163.0,0.0,185292.02,768862.78,0,True,False,False,False
374,2786.79,821.0,0.0,0.0,0.0,0,False,False,True,False
287,18058.87,1237052.13,1255111.0,2197393.17,2179334.3,0,False,False,False,False
324,377736.58,5526.0,0.0,0.0,377736.58,0,True,False,False,False
190,80865.26,57588.0,0.0,1607754.86,1688620.13,0,False,False,False,True
332,385663.06,15259.0,400922.06,140164.54,0.0,0,False,False,False,False
18,395811.1,30673.0,0.0,458382.41,981670.38,0,True,False,False,False
351,267057.91,28785.0,295842.91,904650.38,637592.47,0,False,False,False,False
179,307772.41,150836.52,0.0,1812584.6,2120357.02,0,True,False,False,False
331,5181.61,117114.0,111932.39,0.0,0.0,0,False,False,True,False
154,5901.32,0.0,0.0,0.0,0.0,0,False,False,True,False
181,94928.82,1686548.34,1781477.15,432707.23,337778.41,0,False,False,False,False
209,31947.66,0.0,0.0,3405527.44,3437475.1,0,False,False,False,True
262,2691.75,23297.0,20605.25,0.0,0.0,0,False,False,True,False
323,150047.27,20629136.27,20779183.54,849238.65,699191.38,0,False,False,False,False
230,3748.87,0.0,0.0,0.0,0.0,0,False,False,True,False
255,103117.28,0.0,0.0,1564950.23,1668067.51,0,True,False,False,False
186,134783.12,0.0,0.0,1031377.66,1166160.78,0,True,False,False,False
400,38521.09,9085.0,0.0,0.0,0.0,0,False,False,True,False
299,7985.58,0.0,0.0,0.0,0.0,0,False,False,True,False
141,6736.76,54926.0,48189.24,0.0,0.0,0,False,False,True,False
139,335897.91,324.0,0.0,0.0,335897.91,0,True,False,False,False
45,567413.88,585739.0,18325.12,2100533.1,2667946.97,0,False,False,False,True
378,6802.71,10116.0,3313.29,0.0,0.0,0,False,False,True,False
337,50473.92,15111.71,65585.63,1280339.51,1229865.59,0,False,False,False,False
134,256603.09,1583.0,258186.09,353191.23,96588.14,0,False,False,False,False
15,23284.09,31372.0,8087.91,0.0,0.0,0,False,False,True,False
227,24188.81,62493.0,38304.19,0.0,0.0,0,False,False,True,False
426,32603.22,354733.31,387336.53,716789.16,684185.94,0,False,False,False,False
328,5785.88,16332.28,10546.4,0.0,0.0,0,False,False,True,False
212,492510.18,20898.0,0.0,334498.55,827008.73,0,False,False,False,True
189,2369.38,16587.0,14217.62,0.0,0.0,0,False,False,True,False
303,75416.58,53095.0,0.0,67471.32,142887.9,0,True,False,False,False
394,6960.06,304965.0,298004.94,11269300.01,11276260.07,0,True,False,False,False
42,8979.71,0.0,0.0,437687.44,446667.16,0,False,True,False,False
209,62305.73,238.0,0.0,28785.1,91090.83,0,True,False,False,False
403,9372.35,10542.0,1169.65,0.0,0.0,0,False,False,True,False
139,24772.25,12282.0,0.0,0.0,0.0,0,False,False,True,False
212,8935.6,0.0,0.0,0.0,0.0,0,False,False,True,False
17,208221.08,5043076.61,5251297.69,313783.12,105562.04,0,False,False,False,False
252,93159.36,0.0,0.0,499811.17,592970.52,0,True,False,False,False
259,101307.11,1326049.78,1427356.89,2643019.93,2541712.82,0,False,False,False,False
354,107706.58,262204.0,154497.42,0.0,107706.58,0,True,False,False,False
297,28067.39,94608.0,66540.61,0.0,0.0,0,False,False,True,False
325,329688.11,775861.38,1105549.49,423522.82,93834.71,0,False,False,False,False
234,61208.5,79.0,61287.5,387080.57,325872.07,0,False,False,False,False
230,15586.61,34023.0,18436.39,0.0,0.0,0,False,False,True,False
256,101368.34,29153040.91,29254409.25,169083.97,67715.63,0,False,False,False,False
133,8652.8,0.0,0.0,0.0,0.0,0,False,False,True,False
355,104627.21,99005.0,0.0,0.0,104627.21,0,True,False,False,False
226,16439.42,14697.0,0.0,460891.29,477330.71,0,True,False,False,False
402,382730.43,1089040.18,1471770.61,4570001.31,4187270.88,0,False,False,False,False
260,155677.37,152.0,155829.37,58764.81,0.0,0,False,False,False,False
44,113591.51,1039.0,0.0,5944151.03,6057742.54,0,True,False,False,False
380,380641.97,5025.0,0.0,1934807.8,2055450.89,0,False,False,False,True
44,131728.28,0.0,0.0,546111.01,677839.29,0,True,False,False,False
275,322178.93,0.0,0.0,365128.49,687307.42,0,False,False,False,True
249,2637474.81,0.0,0.0,6153245.12,8790719.93,0,False,False,False,True
404,214959.56,0.0,0.0,389168.56,604128.12,0,True,False,False,False
355,153483.74,1591263.99,1744747.74,284526.37,131042.63,0,False,False,False,False
234,109709.06,5046.0,0.0,10765.82,120474.87,0,True,False,False,False
228,81254.1,52830.0,0.0,1147782.3,1229036.4,0,True,False,False,False
307,759176.86,0.0,0.0,1453754.43,2212931.29,0,False,False,False,True
185,165094.13,0.0,0.0,929021.74,1094115.86,0,True,False,False,False
235,271667.42,3138250.42,3409917.85,757875.7,486208.28,0,False,False,False,False
16,1447.44,0.0,0.0,0.0,0.0,0,False,False,True,False
45,11418.08,84426.0,73007.92,0.0,0.0,0,False,False,True,False
158,455686.46,0.0,0.0,2600428.14,3056114.61,0,False,False,False,True
335,7943.21,0.0,0.0,0.0,0.0,0,False,False,True,False
38,3516.21,39017.0,35500.79,0.0,0.0,0,False,False,True,False
395,1126.1,104509.0,103382.9,0.0,0.0,0,False,False,True,False
282,153923.44,0.0,0.0,297488.33,451411.77,0,True,False,False,False
356,63015.27,49864.0,0.0,390274.13,453289.4,0,True,False,False,False
9,9044.5,113781.35,104736.85,0.0,0.0,0,False,False,True,False
255,469673.92,0.0,0.0,478422.97,948096.89,0,True,False,False,False
229,59548.81,297998.0,238449.19,0.0,59548.81,0,True,False,False,False
300,103016.51,104056.0,1039.49,22105.28,125121.79,0,False,False,False,True
18,239523.04,0.0,0.0,643309.86,762629.85,0,True,False,False,False
353,13813.68,0.0,0.0,0.0,0.0,0,False,False,True,False
130,137442.31,0.0,0.0,2010767.91,2148210.23,0,True,False,False,False
619,36949.01,10266.0,0.0,850633.4,887582.41,0,True,False,False,False
263,174.81,13116.0,12941.19,0.0,0.0,0,False,False,True,False
249,296254.91,640509.68,936764.58,481186.61,184931.7,0,False,False,False,False
10,160429.71,1016.0,0.0,429582.94,595257.09,0,True,False,False,False
213,1240.1,50104.0,48863.9,0.0,0.0,0,False,False,True,False
185,136.63,0.0,0.0,10133.83,10270.46,0,True,False,False,False
348,196899.75,0.0,0.0,244196.46,441096.2,0,False,False,False,True
188,2083.59,0.0,0.0,0.0,0.0,0,False,False,True,False
191,12078.22,220294.36,208216.14,0.0,0.0,0,False,False,True,False
206,327895.6,0.0,0.0,1831240.6,2159136.2,0,True,False,False,False
348,242670.12,16009.0,0.0,11379503.39,11906483.89,0,True,False,False,False
36,175924.2,65951.0,0.0,4704696.93,4880621.13,0,True,False,False,False
375,3193.12,5062.0,1868.88,0.0,0.0,0,False,False,True,False
379,257795.81,492730.46,750526.27,1509540.19,1251744.38,0,False,False,False,False
550,30413.76,82019.0,51605.24,415442.02,445855.78,0,True,False,False,False
298,19976.99,0.0,0.0,0.0,0.0,0,False,False,True,False
254,100324.58,571970.7,672295.28,4512534.94,4412210.36,0,False,False,False,False
184,231124.84,0.0,0.0,307895.28,539020.11,0,True,False,False,False
688,501045.76,8316.0,0.0,0.0,501045.76,0,False,False,False,True
190,41309.85,0.0,0.0,10709355.54,10750665.39,0,True,False,False,False
307,7510.6,0.0,0.0,0.0,0.0,0,False,False,True,False
238,4106.93,26916.0,22809.07,0.0,0.0,0,False,False,True,False
232,17914.23,34362.0,16447.77,0.0,0.0,0,False,False,True,False
130,2768.21,315018.21,312250.0,0.0,0.0,0,False,False,True,False
19,134554.51,5634164.14,5768718.66,3979598.12,3845043.61,0,False,False,False,False
323,605.24,0.0,0.0,1974328.54,1974933.78,0,True,False,False,False
396,350686.53,49555.0,400241.53,0.0,0.0,0,False,False,False,False
11,57602.15,0.0,0.0,1081230.1,2462685.56,0,True,False,False,False
378,62570.9,338558.97,275988.07,0.0,0.0,0,False,False,True,False
162,8811.03,0.0,0.0,0.0,0.0,0,False,False,True,False
540,11571.96,95914.76,84342.8,0.0,0.0,0,False,False,True,False
286,5768.72,25266.0,19497.28,0.0,0.0,0,False,False,True,False
16,14507.33,16629.0,2121.67,0.0,0.0,0,False,False,True,False
132,25836.33,524.0,0.0,0.0,0.0,0,False,False,True,False
188,23546.77,10478.0,0.0,313325.43,336872.2,0,True,False,False,False
299,11098.81,0.0,0.0,0.0,0.0,0,False,False,True,False
20,19827.22,28957.79,9130.57,0.0,0.0,0,False,False,True,False
231,16445.51,206383.88,189938.37,0.0,0.0,0,False,False,True,False
166,12826.72,4920494.07,4933320.79,620992.62,608165.9,0,False,False,False,False
139,249324.36,1751388.33,2000712.68,11913527.55,11664203.2,0,False,False,False,False
226,426662.8,111559.93,538222.73,6374267.08,5947604.28,0,False,False,False,False
168,9198.03,0.0,0.0,0.0,0.0,0,False,False,True,False
692,116084.66,509564.0,625648.66,110965.97,0.0,0,False,False,False,False
203,14131.13,12957719.19,12971850.31,801428.16,787297.04,0,False,False,False,False
309,22323.83,106988.85,84665.01,0.0,0.0,0,False,False,True,False
356,54801.44,849.0,0.0,859271.12,914072.56,0,True,False,False,False
253,23867.14,0.0,0.0,2662922.21,2686789.36,0,True,False,False,False
350,86666.17,203492.0,290158.17,458030.74,371364.57,0,False,False,False,False
14,26653.96,43658.0,70311.96,462885.97,436232.01,0,False,False,False,False
282,23700.76,0.0,0.0,0.0,0.0,0,False,False,True,False
370,56260.37,29882.0,86142.37,598094.09,541833.72,0,False,False,False,False
139,16081.94,0.0,0.0,0.0,0.0,0,False,False,True,False
186,424921.49,22002988.85,22427910.34,516863.07,91941.58,0,False,False,False,False
139,2002.81,0.0,0.0,0.0,0.0,0,False,False,True,False
524,34375.46,9350617.54,9384993.0,91931.8,57556.33,0,False,False,False,False
692,6340.7,50874.0,44533.3,0.0,0.0,0,False,False,True,False
7,231126.61,2073960.4,2305087.02,718609.35,1289357.76,0,False,False,False,False
40,12383.63,452566.13,440182.51,0.0,0.0,0,False,False,True,False
327,24236.47,0.0,0.0,0.0,0.0,0,False,False,True,False
398,102749.72,0.0,0.0,2897314.2,3000063.92,0,False,False,False,True
189,5618.96,196974.0,191355.04,0.0,0.0,0,False,False,True,False
375,24500.4,0.0,0.0,0.0,0.0,0,False,False,True,False
705,122222.26,63595.0,0.0,297047.38,419269.64,0,True,False,False,False
202,37504.89,0.0,0.0,0.0,0.0,0,False,False,True,False
403,71753.34,6022.0,0.0,4686456.31,4758209.66,0,True,False,False,False
9,16785.31,41836.0,25050.69,0.0,0.0,0,False,False,True,False
332,55951.56,9056.0,0.0,183632.29,239583.85,0,True,False,False,False
329,166182.41,0.0,0.0,2522616.62,2688799.03,0,True,False,False,False
552,13140.18,308284.0,295143.82,0.0,0.0,0,False,False,True,False
203,1293.31,11473.0,10179.69,0.0,0.0,0,False,False,True,False
474,261568.02,1103.0,0.0,84389.26,345957.28,0,True,False,False,False
212,1192.13,21331.0,20138.87,0.0,0.0,0,False,False,True,False
18,28364.5,202344.25,173979.76,0.0,0.0,0,False,False,True,False
236,16421.35,287735.47,271314.12,0.0,0.0,0,False,False,True,False
297,22188.31,0.0,0.0,8445402.23,8542663.05,0,False,False,False,True
514,9589.51,0.0,0.0,0.0,0.0,0,False,False,True,False
130,59684.75,19292.0,0.0,0.0,0.0,0,False,False,True,False
406,10773.26,160691.0,149917.74,0.0,0.0,0,False,False,True,False
186,25655.53,347108.0,321452.47,0.0,0.0,0,False,False,True,False
19,175271.77,306.0,0.0,1857508.28,2561305.43,0,True,False,False,False
235,7470.29,0.0,0.0,0.0,0.0,0,False,False,True,False
47,304730.23,0.0,0.0,2205393.76,2510123.99,0,True,False,False,False
